[{
	"AirLineID": "AirLineID 1",
	"AirLineName": "AirLineName 1",
	"LocalCurrencyCode": "LocalCurrencyCode 1",
	"URL": "URL 1",
	"MimeType": "MimeType 1",
	"__metadata": {
		"uri": "CarrierCollection('AirLineID%201')",
		"type": "RMTSAMPLEFLIGHT_2.Carrier"
	},
	"CarrierFlights": {
		"__deferred": {
			"uri": "CarrierCollection('AirLineID%201')/CarrierFlights"
		}
	}
}, {
	"AirLineID": "AirLineID 2",
	"AirLineName": "AirLineName 2",
	"LocalCurrencyCode": "LocalCurrencyCode 2",
	"URL": "URL 2",
	"MimeType": "MimeType 2",
	"__metadata": {
		"uri": "CarrierCollection('AirLineID%202')",
		"type": "RMTSAMPLEFLIGHT_2.Carrier"
	},
	"CarrierFlights": {
		"__deferred": {
			"uri": "CarrierCollection('AirLineID%202')/CarrierFlights"
		}
	}
}, {
	"AirLineID": "AirLineID 3",
	"AirLineName": "AirLineName 3",
	"LocalCurrencyCode": "LocalCurrencyCode 3",
	"URL": "URL 3",
	"MimeType": "MimeType 3",
	"__metadata": {
		"uri": "CarrierCollection('AirLineID%203')",
		"type": "RMTSAMPLEFLIGHT_2.Carrier"
	},
	"CarrierFlights": {
		"__deferred": {
			"uri": "CarrierCollection('AirLineID%203')/CarrierFlights"
		}
	}
}, {
	"AirLineID": "AirLineID 4",
	"AirLineName": "AirLineName 4",
	"LocalCurrencyCode": "LocalCurrencyCode 4",
	"URL": "URL 4",
	"MimeType": "MimeType 4",
	"__metadata": {
		"uri": "CarrierCollection('AirLineID%204')",
		"type": "RMTSAMPLEFLIGHT_2.Carrier"
	},
	"CarrierFlights": {
		"__deferred": {
			"uri": "CarrierCollection('AirLineID%204')/CarrierFlights"
		}
	}
}, {
	"AirLineID": "AirLineID 5",
	"AirLineName": "AirLineName 5",
	"LocalCurrencyCode": "LocalCurrencyCode 5",
	"URL": "URL 5",
	"MimeType": "MimeType 5",
	"__metadata": {
		"uri": "CarrierCollection('AirLineID%205')",
		"type": "RMTSAMPLEFLIGHT_2.Carrier"
	},
	"CarrierFlights": {
		"__deferred": {
			"uri": "CarrierCollection('AirLineID%205')/CarrierFlights"
		}
	}
}, {
	"AirLineID": "AirLineID 6",
	"AirLineName": "AirLineName 6",
	"LocalCurrencyCode": "LocalCurrencyCode 6",
	"URL": "URL 6",
	"MimeType": "MimeType 6",
	"__metadata": {
		"uri": "CarrierCollection('AirLineID%206')",
		"type": "RMTSAMPLEFLIGHT_2.Carrier"
	},
	"CarrierFlights": {
		"__deferred": {
			"uri": "CarrierCollection('AirLineID%206')/CarrierFlights"
		}
	}
}, {
	"AirLineID": "AirLineID 7",
	"AirLineName": "AirLineName 7",
	"LocalCurrencyCode": "LocalCurrencyCode 7",
	"URL": "URL 7",
	"MimeType": "MimeType 7",
	"__metadata": {
		"uri": "CarrierCollection('AirLineID%207')",
		"type": "RMTSAMPLEFLIGHT_2.Carrier"
	},
	"CarrierFlights": {
		"__deferred": {
			"uri": "CarrierCollection('AirLineID%207')/CarrierFlights"
		}
	}
}, {
	"AirLineID": "AirLineID 8",
	"AirLineName": "AirLineName 8",
	"LocalCurrencyCode": "LocalCurrencyCode 8",
	"URL": "URL 8",
	"MimeType": "MimeType 8",
	"__metadata": {
		"uri": "CarrierCollection('AirLineID%208')",
		"type": "RMTSAMPLEFLIGHT_2.Carrier"
	},
	"CarrierFlights": {
		"__deferred": {
			"uri": "CarrierCollection('AirLineID%208')/CarrierFlights"
		}
	}
}, {
	"AirLineID": "AirLineID 9",
	"AirLineName": "AirLineName 9",
	"LocalCurrencyCode": "LocalCurrencyCode 9",
	"URL": "URL 9",
	"MimeType": "MimeType 9",
	"__metadata": {
		"uri": "CarrierCollection('AirLineID%209')",
		"type": "RMTSAMPLEFLIGHT_2.Carrier"
	},
	"CarrierFlights": {
		"__deferred": {
			"uri": "CarrierCollection('AirLineID%209')/CarrierFlights"
		}
	}
}, {
	"AirLineID": "AirLineID 10",
	"AirLineName": "AirLineName 10",
	"LocalCurrencyCode": "LocalCurrencyCode 10",
	"URL": "URL 10",
	"MimeType": "MimeType 10",
	"__metadata": {
		"uri": "CarrierCollection('AirLineID%2010')",
		"type": "RMTSAMPLEFLIGHT_2.Carrier"
	},
	"CarrierFlights": {
		"__deferred": {
			"uri": "CarrierCollection('AirLineID%2010')/CarrierFlights"
		}
	}
}, {
	"AirLineID": "AirLineID 11",
	"AirLineName": "AirLineName 11",
	"LocalCurrencyCode": "LocalCurrencyCode 11",
	"URL": "URL 11",
	"MimeType": "MimeType 11",
	"__metadata": {
		"uri": "CarrierCollection('AirLineID%2011')",
		"type": "RMTSAMPLEFLIGHT_2.Carrier"
	},
	"CarrierFlights": {
		"__deferred": {
			"uri": "CarrierCollection('AirLineID%2011')/CarrierFlights"
		}
	}
}, {
	"AirLineID": "AirLineID 12",
	"AirLineName": "AirLineName 12",
	"LocalCurrencyCode": "LocalCurrencyCode 12",
	"URL": "URL 12",
	"MimeType": "MimeType 12",
	"__metadata": {
		"uri": "CarrierCollection('AirLineID%2012')",
		"type": "RMTSAMPLEFLIGHT_2.Carrier"
	},
	"CarrierFlights": {
		"__deferred": {
			"uri": "CarrierCollection('AirLineID%2012')/CarrierFlights"
		}
	}
}, {
	"AirLineID": "AirLineID 13",
	"AirLineName": "AirLineName 13",
	"LocalCurrencyCode": "LocalCurrencyCode 13",
	"URL": "URL 13",
	"MimeType": "MimeType 13",
	"__metadata": {
		"uri": "CarrierCollection('AirLineID%2013')",
		"type": "RMTSAMPLEFLIGHT_2.Carrier"
	},
	"CarrierFlights": {
		"__deferred": {
			"uri": "CarrierCollection('AirLineID%2013')/CarrierFlights"
		}
	}
}, {
	"AirLineID": "AirLineID 14",
	"AirLineName": "AirLineName 14",
	"LocalCurrencyCode": "LocalCurrencyCode 14",
	"URL": "URL 14",
	"MimeType": "MimeType 14",
	"__metadata": {
		"uri": "CarrierCollection('AirLineID%2014')",
		"type": "RMTSAMPLEFLIGHT_2.Carrier"
	},
	"CarrierFlights": {
		"__deferred": {
			"uri": "CarrierCollection('AirLineID%2014')/CarrierFlights"
		}
	}
}, {
	"AirLineID": "AirLineID 15",
	"AirLineName": "AirLineName 15",
	"LocalCurrencyCode": "LocalCurrencyCode 15",
	"URL": "URL 15",
	"MimeType": "MimeType 15",
	"__metadata": {
		"uri": "CarrierCollection('AirLineID%2015')",
		"type": "RMTSAMPLEFLIGHT_2.Carrier"
	},
	"CarrierFlights": {
		"__deferred": {
			"uri": "CarrierCollection('AirLineID%2015')/CarrierFlights"
		}
	}
}, {
	"AirLineID": "AirLineID 16",
	"AirLineName": "AirLineName 16",
	"LocalCurrencyCode": "LocalCurrencyCode 16",
	"URL": "URL 16",
	"MimeType": "MimeType 16",
	"__metadata": {
		"uri": "CarrierCollection('AirLineID%2016')",
		"type": "RMTSAMPLEFLIGHT_2.Carrier"
	},
	"CarrierFlights": {
		"__deferred": {
			"uri": "CarrierCollection('AirLineID%2016')/CarrierFlights"
		}
	}
}, {
	"AirLineID": "AirLineID 17",
	"AirLineName": "AirLineName 17",
	"LocalCurrencyCode": "LocalCurrencyCode 17",
	"URL": "URL 17",
	"MimeType": "MimeType 17",
	"__metadata": {
		"uri": "CarrierCollection('AirLineID%2017')",
		"type": "RMTSAMPLEFLIGHT_2.Carrier"
	},
	"CarrierFlights": {
		"__deferred": {
			"uri": "CarrierCollection('AirLineID%2017')/CarrierFlights"
		}
	}
}, {
	"AirLineID": "AirLineID 18",
	"AirLineName": "AirLineName 18",
	"LocalCurrencyCode": "LocalCurrencyCode 18",
	"URL": "URL 18",
	"MimeType": "MimeType 18",
	"__metadata": {
		"uri": "CarrierCollection('AirLineID%2018')",
		"type": "RMTSAMPLEFLIGHT_2.Carrier"
	},
	"CarrierFlights": {
		"__deferred": {
			"uri": "CarrierCollection('AirLineID%2018')/CarrierFlights"
		}
	}
}, {
	"AirLineID": "AirLineID 19",
	"AirLineName": "AirLineName 19",
	"LocalCurrencyCode": "LocalCurrencyCode 19",
	"URL": "URL 19",
	"MimeType": "MimeType 19",
	"__metadata": {
		"uri": "CarrierCollection('AirLineID%2019')",
		"type": "RMTSAMPLEFLIGHT_2.Carrier"
	},
	"CarrierFlights": {
		"__deferred": {
			"uri": "CarrierCollection('AirLineID%2019')/CarrierFlights"
		}
	}
}, {
	"AirLineID": "AirLineID 20",
	"AirLineName": "AirLineName 20",
	"LocalCurrencyCode": "LocalCurrencyCode 20",
	"URL": "URL 20",
	"MimeType": "MimeType 20",
	"__metadata": {
		"uri": "CarrierCollection('AirLineID%2020')",
		"type": "RMTSAMPLEFLIGHT_2.Carrier"
	},
	"CarrierFlights": {
		"__deferred": {
			"uri": "CarrierCollection('AirLineID%2020')/CarrierFlights"
		}
	}
}, {
	"AirLineID": "AirLineID 21",
	"AirLineName": "AirLineName 21",
	"LocalCurrencyCode": "LocalCurrencyCode 21",
	"URL": "URL 21",
	"MimeType": "MimeType 21",
	"__metadata": {
		"uri": "CarrierCollection('AirLineID%2021')",
		"type": "RMTSAMPLEFLIGHT_2.Carrier"
	},
	"CarrierFlights": {
		"__deferred": {
			"uri": "CarrierCollection('AirLineID%2021')/CarrierFlights"
		}
	}
}, {
	"AirLineID": "AirLineID 22",
	"AirLineName": "AirLineName 22",
	"LocalCurrencyCode": "LocalCurrencyCode 22",
	"URL": "URL 22",
	"MimeType": "MimeType 22",
	"__metadata": {
		"uri": "CarrierCollection('AirLineID%2022')",
		"type": "RMTSAMPLEFLIGHT_2.Carrier"
	},
	"CarrierFlights": {
		"__deferred": {
			"uri": "CarrierCollection('AirLineID%2022')/CarrierFlights"
		}
	}
}, {
	"AirLineID": "AirLineID 23",
	"AirLineName": "AirLineName 23",
	"LocalCurrencyCode": "LocalCurrencyCode 23",
	"URL": "URL 23",
	"MimeType": "MimeType 23",
	"__metadata": {
		"uri": "CarrierCollection('AirLineID%2023')",
		"type": "RMTSAMPLEFLIGHT_2.Carrier"
	},
	"CarrierFlights": {
		"__deferred": {
			"uri": "CarrierCollection('AirLineID%2023')/CarrierFlights"
		}
	}
}, {
	"AirLineID": "AirLineID 24",
	"AirLineName": "AirLineName 24",
	"LocalCurrencyCode": "LocalCurrencyCode 24",
	"URL": "URL 24",
	"MimeType": "MimeType 24",
	"__metadata": {
		"uri": "CarrierCollection('AirLineID%2024')",
		"type": "RMTSAMPLEFLIGHT_2.Carrier"
	},
	"CarrierFlights": {
		"__deferred": {
			"uri": "CarrierCollection('AirLineID%2024')/CarrierFlights"
		}
	}
}, {
	"AirLineID": "AirLineID 25",
	"AirLineName": "AirLineName 25",
	"LocalCurrencyCode": "LocalCurrencyCode 25",
	"URL": "URL 25",
	"MimeType": "MimeType 25",
	"__metadata": {
		"uri": "CarrierCollection('AirLineID%2025')",
		"type": "RMTSAMPLEFLIGHT_2.Carrier"
	},
	"CarrierFlights": {
		"__deferred": {
			"uri": "CarrierCollection('AirLineID%2025')/CarrierFlights"
		}
	}
}, {
	"AirLineID": "AirLineID 26",
	"AirLineName": "AirLineName 26",
	"LocalCurrencyCode": "LocalCurrencyCode 26",
	"URL": "URL 26",
	"MimeType": "MimeType 26",
	"__metadata": {
		"uri": "CarrierCollection('AirLineID%2026')",
		"type": "RMTSAMPLEFLIGHT_2.Carrier"
	},
	"CarrierFlights": {
		"__deferred": {
			"uri": "CarrierCollection('AirLineID%2026')/CarrierFlights"
		}
	}
}, {
	"AirLineID": "AirLineID 27",
	"AirLineName": "AirLineName 27",
	"LocalCurrencyCode": "LocalCurrencyCode 27",
	"URL": "URL 27",
	"MimeType": "MimeType 27",
	"__metadata": {
		"uri": "CarrierCollection('AirLineID%2027')",
		"type": "RMTSAMPLEFLIGHT_2.Carrier"
	},
	"CarrierFlights": {
		"__deferred": {
			"uri": "CarrierCollection('AirLineID%2027')/CarrierFlights"
		}
	}
}, {
	"AirLineID": "AirLineID 28",
	"AirLineName": "AirLineName 28",
	"LocalCurrencyCode": "LocalCurrencyCode 28",
	"URL": "URL 28",
	"MimeType": "MimeType 28",
	"__metadata": {
		"uri": "CarrierCollection('AirLineID%2028')",
		"type": "RMTSAMPLEFLIGHT_2.Carrier"
	},
	"CarrierFlights": {
		"__deferred": {
			"uri": "CarrierCollection('AirLineID%2028')/CarrierFlights"
		}
	}
}, {
	"AirLineID": "AirLineID 29",
	"AirLineName": "AirLineName 29",
	"LocalCurrencyCode": "LocalCurrencyCode 29",
	"URL": "URL 29",
	"MimeType": "MimeType 29",
	"__metadata": {
		"uri": "CarrierCollection('AirLineID%2029')",
		"type": "RMTSAMPLEFLIGHT_2.Carrier"
	},
	"CarrierFlights": {
		"__deferred": {
			"uri": "CarrierCollection('AirLineID%2029')/CarrierFlights"
		}
	}
}, {
	"AirLineID": "AirLineID 30",
	"AirLineName": "AirLineName 30",
	"LocalCurrencyCode": "LocalCurrencyCode 30",
	"URL": "URL 30",
	"MimeType": "MimeType 30",
	"__metadata": {
		"uri": "CarrierCollection('AirLineID%2030')",
		"type": "RMTSAMPLEFLIGHT_2.Carrier"
	},
	"CarrierFlights": {
		"__deferred": {
			"uri": "CarrierCollection('AirLineID%2030')/CarrierFlights"
		}
	}
}]